sample_id,elapsed_s,raw_stats
0,0,UE RNTI 1234 (1) PH 0 dB PCMAX 0 dBm, average RSRP -44 (11 meas)|UE 1234: UL-RI 1, TPMI 0|UE 1234: dlsch_rounds 420/60/60/59, dlsch_errors 59, pucch0_DTX 237, BLER 0.00000 MCS 9|UE 1234: dlsch_total_bytes 497700|UE 1234: ulsch_rounds 303/105/105/86, ulsch_DTX 237, ulsch_errors 70, BLER 0.00000 MCS 9|UE 1234: ulsch_total_bytes_scheduled 345039, ulsch_total_bytes_received 267496|UE 1234: LCID 4: 104 bytes TX|UE 1234: LCID 4: 104 bytes RX||
1,1,UE RNTI 1234 (1) PH 0 dB PCMAX 0 dBm, average RSRP -44 (4 meas)|UE 1234: UL-RI 1, TPMI 0|UE 1234: dlsch_rounds 486/60/60/59, dlsch_errors 59, pucch0_DTX 237, BLER 0.00000 MCS 9|UE 1234: dlsch_total_bytes 575910|UE 1234: ulsch_rounds 346/114/113/92, ulsch_DTX 237, ulsch_errors 73, BLER 0.00000 MCS 9|UE 1234: ulsch_total_bytes_scheduled 393754, ulsch_total_bytes_received 313616|UE 1234: LCID 4: 104 bytes TX|UE 1234: LCID 4: 104 bytes RX|||
2,2,UE RNTI 1234 (1) PH 0 dB PCMAX 0 dBm, average RSRP -44 (11 meas)|UE 1234: UL-RI 1, TPMI 0|UE 1234: dlsch_rounds 544/60/60/59, dlsch_errors 59, pucch0_DTX 237, BLER 0.00000 MCS 9|UE 1234: dlsch_total_bytes 644640|UE 1234: ulsch_rounds 384/121/121/97, ulsch_DTX 237, ulsch_errors 73, BLER 0.00000 MCS 9|UE 1234: ulsch_total_bytes_scheduled 436896, ulsch_total_bytes_received 357430|UE 1234: LCID 4: 104 bytes TX|UE 1234: LCID 4: 104 bytes RX||
3,3,UE RNTI 1234 (1) PH 0 dB PCMAX 0 dBm, average RSRP -44 (2 meas)|UE 1234: UL-RI 1, TPMI 0|UE 1234: dlsch_rounds 603/60/60/59, dlsch_errors 59, pucch0_DTX 237, BLER 0.00000 MCS 9|UE 1234: dlsch_total_bytes 714555|UE 1234: ulsch_rounds 425/128/128/101, ulsch_DTX 237, ulsch_errors 76, BLER 0.00000 MCS 9|UE 1234: ulsch_total_bytes_scheduled 483497, ulsch_total_bytes_received 401244|UE 1234: LCID 4: 156 bytes TX|UE 1234: LCID 4: 104 bytes RX||
4,4,UE RNTI 1234 (1) PH 0 dB PCMAX 0 dBm, average RSRP -44 (10 meas)|UE 1234: UL-RI 1, TPMI 0|UE 1234: dlsch_rounds 663/60/60/59, dlsch_errors 59, pucch0_DTX 237, BLER 0.00000 MCS 9|UE 1234: dlsch_total_bytes 785655|UE 1234: ulsch_rounds 464/136/136/106, ulsch_DTX 237, ulsch_errors 77, BLER 0.00000 MCS 9|UE 1234: ulsch_total_bytes_scheduled 527696, ulsch_total_bytes_received 445058|UE 1234: LCID 4: 156 bytes TX|UE 1234: LCID 4: 104 bytes RX||
5,5,UE RNTI 1234 (1) PH 0 dB PCMAX 0 dBm, average RSRP -44 (1 meas)|UE 1234: UL-RI 1, TPMI 0|UE 1234: dlsch_rounds 722/60/60/59, dlsch_errors 59, pucch0_DTX 237, BLER 0.00000 MCS 9|UE 1234: dlsch_total_bytes 855570|UE 1234: ulsch_rounds 504/143/143/111, ulsch_DTX 237, ulsch_errors 79, BLER 0.00000 MCS 9|UE 1234: ulsch_total_bytes_scheduled 573144, ulsch_total_bytes_received 490025|UE 1234: LCID 4: 156 bytes TX|UE 1234: LCID 4: 104 bytes RX|||
6,6,UE RNTI 1234 (1) PH 0 dB PCMAX 0 dBm, average RSRP -44 (9 meas)|UE 1234: UL-RI 1, TPMI 0|UE 1234: dlsch_rounds 782/60/60/59, dlsch_errors 59, pucch0_DTX 237, BLER 0.00000 MCS 9|UE 1234: dlsch_total_bytes 926670|UE 1234: ulsch_rounds 545/151/150/115, ulsch_DTX 237, ulsch_errors 79, BLER 0.00000 MCS 9|UE 1234: ulsch_total_bytes_scheduled 619649, ulsch_total_bytes_received 536145|UE 1234: LCID 4: 156 bytes TX|UE 1234: LCID 4: 104 bytes RX|||
7,7,UE RNTI 1234 (1) PH 0 dB PCMAX 0 dBm, average RSRP -44 (16 meas)|UE 1234: UL-RI 1, TPMI 0|UE 1234: dlsch_rounds 843/60/60/59, dlsch_errors 59, pucch0_DTX 237, BLER 0.00000 MCS 9|UE 1234: dlsch_total_bytes 998955|UE 1234: ulsch_rounds 583/158/158/122, ulsch_DTX 237, ulsch_errors 83, BLER 0.00000 MCS 9|UE 1234: ulsch_total_bytes_scheduled 662791, ulsch_total_bytes_received 576500|UE 1234: LCID 4: 156 bytes TX|UE 1234: LCID 4: 156 bytes RX||
8,8,UE RNTI 1234 (1) PH 0 dB PCMAX 0 dBm, average RSRP -44 (15 meas)|UE 1234: UL-RI 1, TPMI 0|UE 1234: dlsch_rounds 960/60/60/59, dlsch_errors 59, pucch0_DTX 237, BLER 0.00000 MCS 9|UE 1234: dlsch_total_bytes 1137600|UE 1234: ulsch_rounds 660/173/173/133, ulsch_DTX 237, ulsch_errors 87, BLER 0.00000 MCS 9|UE 1234: ulsch_total_bytes_scheduled 750132, ulsch_total_bytes_received 660669|UE 1234: LCID 4: 156 bytes TX|UE 1234: LCID 4: 156 bytes RX||
9,9,UE RNTI 1234 (1) PH 0 dB PCMAX 0 dBm, average RSRP -44 (6 meas)|UE 1234: UL-RI 1, TPMI 0|UE 1234: dlsch_rounds 1016/60/60/59, dlsch_errors 59, pucch0_DTX 237, BLER 0.00000 MCS 9|UE 1234: dlsch_total_bytes 1203960|UE 1234: ulsch_rounds 698/180/180/137, ulsch_DTX 237, ulsch_errors 89, BLER 0.00000 MCS 9|UE 1234: ulsch_total_bytes_scheduled 793274, ulsch_total_bytes_received 702177|UE 1234: LCID 4: 156 bytes TX|UE 1234: LCID 4: 156 bytes RX||
10,10,UE RNTI 1234 (1) PH 0 dB PCMAX 0 dBm, average RSRP -44 (13 meas)|UE 1234: UL-RI 1, TPMI 0|UE 1234: dlsch_rounds 1076/60/60/59, dlsch_errors 59, pucch0_DTX 237, BLER 0.00000 MCS 9|UE 1234: dlsch_total_bytes 1275060|UE 1234: ulsch_rounds 738/187/187/143, ulsch_DTX 237, ulsch_errors 91, BLER 0.00000 MCS 9|UE 1234: ulsch_total_bytes_scheduled 838722, ulsch_total_bytes_received 745991|UE 1234: LCID 4: 156 bytes TX|UE 1234: LCID 4: 156 bytes RX||
11,11,UE RNTI 1234 (1) PH 0 dB PCMAX 0 dBm, average RSRP -44 (5 meas)|UE 1234: UL-RI 1, TPMI 0|UE 1234: dlsch_rounds 1137/60/60/59, dlsch_errors 59, pucch0_DTX 237, BLER 0.00000 MCS 9|UE 1234: dlsch_total_bytes 1347345|UE 1234: ulsch_rounds 777/195/195/149, ulsch_DTX 237, ulsch_errors 91, BLER 0.00000 MCS 9|UE 1234: ulsch_total_bytes_scheduled 882921, ulsch_total_bytes_received 790958|UE 1234: LCID 4: 156 bytes TX|UE 1234: LCID 4: 156 bytes RX|||
12,12,UE RNTI 1234 (1) PH 0 dB PCMAX 0 dBm, average RSRP -44 (13 meas)|UE 1234: UL-RI 1, TPMI 0|UE 1234: dlsch_rounds 1199/60/60/59, dlsch_errors 59, pucch0_DTX 237, BLER 0.00000 MCS 9|UE 1234: dlsch_total_bytes 1420815|UE 1234: ulsch_rounds 818/203/203/154, ulsch_DTX 237, ulsch_errors 94, BLER 0.00000 MCS 9|UE 1234: ulsch_total_bytes_scheduled 929426, ulsch_total_bytes_received 833619|UE 1234: LCID 4: 156 bytes TX|UE 1234: LCID 4: 156 bytes RX||
13,13,UE RNTI 1234 (1) PH 0 dB PCMAX 0 dBm, average RSRP -44 (4 meas)|UE 1234: UL-RI 1, TPMI 0|UE 1234: dlsch_rounds 1261/60/60/59, dlsch_errors 59, pucch0_DTX 237, BLER 0.00000 MCS 9|UE 1234: dlsch_total_bytes 1494285|UE 1234: ulsch_rounds 863/210/210/157, ulsch_DTX 237, ulsch_errors 96, BLER 0.00000 MCS 9|UE 1234: ulsch_total_bytes_scheduled 980543, ulsch_total_bytes_received 883198|UE 1234: LCID 4: 156 bytes TX|UE 1234: LCID 4: 156 bytes RX|||
14,14,UE RNTI 1234 (1) PH 0 dB PCMAX 0 dBm, average RSRP -44 (12 meas)|UE 1234: UL-RI 1, TPMI 0|UE 1234: dlsch_rounds 1323/60/60/59, dlsch_errors 59, pucch0_DTX 237, BLER 0.00000 MCS 9|UE 1234: dlsch_total_bytes 1567755|UE 1234: ulsch_rounds 904/218/218/162, ulsch_DTX 237, ulsch_errors 97, BLER 0.00000 MCS 9|UE 1234: ulsch_total_bytes_scheduled 1027144, ulsch_total_bytes_received 929318|UE 1234: LCID 4: 156 bytes TX|UE 1234: LCID 4: 156 bytes RX||
15,15,UE RNTI 1234 (1) PH 0 dB PCMAX 0 dBm, average RSRP -44 (4 meas)|UE 1234: UL-RI 1, TPMI 0|UE 1234: dlsch_rounds 1385/60/60/59, dlsch_errors 59, pucch0_DTX 237, BLER 0.00000 MCS 9|UE 1234: dlsch_total_bytes 1641225|UE 1234: ulsch_rounds 943/226/226/169, ulsch_DTX 237, ulsch_errors 100, BLER 0.00000 MCS 9|UE 1234: ulsch_total_bytes_scheduled 1071343, ulsch_total_bytes_received 970826|UE 1234: LCID 4: 156 bytes TX|UE 1234: LCID 4: 156 bytes RX||
16,16,UE RNTI 1234 (1) PH 0 dB PCMAX 0 dBm, average RSRP -44 (12 meas)|UE 1234: UL-RI 1, TPMI 0|UE 1234: dlsch_rounds 1447/60/60/59, dlsch_errors 59, pucch0_DTX 237, BLER 0.00000 MCS 9|UE 1234: dlsch_total_bytes 1714695|UE 1234: ulsch_rounds 985/234/234/173, ulsch_DTX 237, ulsch_errors 100, BLER 0.00000 MCS 9|UE 1234: ulsch_total_bytes_scheduled 1119001, ulsch_total_bytes_received 1019252|UE 1234: LCID 4: 156 bytes TX|UE 1234: LCID 4: 156 bytes RX||
17,17,UE RNTI 1234 (1) PH 0 dB PCMAX 0 dBm, average RSRP -44 (3 meas)|UE 1234: UL-RI 1, TPMI 0|UE 1234: dlsch_rounds 1509/60/60/59, dlsch_errors 59, pucch0_DTX 237, BLER 0.00000 MCS 9|UE 1234: dlsch_total_bytes 1788165|UE 1234: ulsch_rounds 1030/241/241/176, ulsch_DTX 237, ulsch_errors 100, BLER 0.00000 MCS 9|UE 1234: ulsch_total_bytes_scheduled 1170118, ulsch_total_bytes_received 1071137|UE 1234: LCID 4: 156 bytes TX|UE 1234: LCID 4: 156 bytes RX||
18,18,UE RNTI 1234 (1) PH 0 dB PCMAX 0 dBm, average RSRP -44 (11 meas)|UE 1234: UL-RI 1, TPMI 0|UE 1234: dlsch_rounds 1570/60/60/59, dlsch_errors 59, pucch0_DTX 237, BLER 0.00000 MCS 9|UE 1234: dlsch_total_bytes 1860450|UE 1234: ulsch_rounds 1071/249/249/180, ulsch_DTX 237, ulsch_errors 102, BLER 0.00000 MCS 9|UE 1234: ulsch_total_bytes_scheduled 1216719, ulsch_total_bytes_received 1117257|UE 1234: LCID 4: 156 bytes TX|UE 1234: LCID 4: 156 bytes RX||
19,19,UE RNTI 1234 (1) PH 0 dB PCMAX 0 dBm, average RSRP -44 (3 meas)|UE 1234: UL-RI 1, TPMI 0|UE 1234: dlsch_rounds 1632/60/60/59, dlsch_errors 59, pucch0_DTX 237, BLER 0.00000 MCS 9|UE 1234: dlsch_total_bytes 1933920|UE 1234: ulsch_rounds 1111/257/257/186, ulsch_DTX 237, ulsch_errors 103, BLER 0.00000 MCS 9|UE 1234: ulsch_total_bytes_scheduled 1262071, ulsch_total_bytes_received 1162224|UE 1234: LCID 4: 156 bytes TX|UE 1234: LCID 4: 156 bytes RX|||
20,20,UE RNTI 1234 (1) PH 0 dB PCMAX 0 dBm, average RSRP -44 (11 meas)|UE 1234: UL-RI 1, TPMI 0|UE 1234: dlsch_rounds 1694/60/60/59, dlsch_errors 59, pucch0_DTX 237, BLER 0.00000 MCS 9|UE 1234: dlsch_total_bytes 2007390|UE 1234: ulsch_rounds 1154/265/264/190, ulsch_DTX 237, ulsch_errors 104, BLER 0.00000 MCS 9|UE 1234: ulsch_total_bytes_scheduled 1310882, ulsch_total_bytes_received 1209497|UE 1234: LCID 4: 208 bytes TX|UE 1234: LCID 4: 156 bytes RX||
21,21,UE RNTI 1234 (1) PH 0 dB PCMAX 0 dBm, average RSRP -44 (2 meas)|UE 1234: UL-RI 1, TPMI 0|UE 1234: dlsch_rounds 1756/60/60/59, dlsch_errors 59, pucch0_DTX 237, BLER 0.00000 MCS 9|UE 1234: dlsch_total_bytes 2080860|UE 1234: ulsch_rounds 1195/272/272/196, ulsch_DTX 237, ulsch_errors 106, BLER 0.00000 MCS 9|UE 1234: ulsch_total_bytes_scheduled 1357483, ulsch_total_bytes_received 1254464|UE 1234: LCID 4: 208 bytes TX|UE 1234: LCID 4: 156 bytes RX|||
22,22,UE RNTI 1234 (1) PH 0 dB PCMAX 0 dBm, average RSRP -44 (10 meas)|UE 1234: UL-RI 1, TPMI 0|UE 1234: dlsch_rounds 1818/60/60/59, dlsch_errors 59, pucch0_DTX 237, BLER 0.00000 MCS 9|UE 1234: dlsch_total_bytes 2154330|UE 1234: ulsch_rounds 1233/280/280/204, ulsch_DTX 237, ulsch_errors 109, BLER 0.00000 MCS 9|UE 1234: ulsch_total_bytes_scheduled 1400529, ulsch_total_bytes_received 1294819|UE 1234: LCID 4: 208 bytes TX|UE 1234: LCID 4: 156 bytes RX||
23,23,UE RNTI 1234 (1) PH 0 dB PCMAX 0 dBm, average RSRP -44 (2 meas)|UE 1234: UL-RI 1, TPMI 0|UE 1234: dlsch_rounds 1880/60/60/59, dlsch_errors 59, pucch0_DTX 237, BLER 0.00000 MCS 9|UE 1234: dlsch_total_bytes 2227800|UE 1234: ulsch_rounds 1274/288/288/209, ulsch_DTX 237, ulsch_errors 111, BLER 0.00000 MCS 9|UE 1234: ulsch_total_bytes_scheduled 1447034, ulsch_total_bytes_received 1340939|UE 1234: LCID 4: 208 bytes TX|UE 1234: LCID 4: 208 bytes RX|||
24,24,UE RNTI 1234 (1) PH 0 dB PCMAX 0 dBm, average RSRP -44 (10 meas)|UE 1234: UL-RI 1, TPMI 0|UE 1234: dlsch_rounds 1942/60/60/59, dlsch_errors 59, pucch0_DTX 237, BLER 0.00000 MCS 9|UE 1234: dlsch_total_bytes 2301270|UE 1234: ulsch_rounds 1316/296/295/214, ulsch_DTX 237, ulsch_errors 114, BLER 0.00000 MCS 9|UE 1234: ulsch_total_bytes_scheduled 1494692, ulsch_total_bytes_received 1384753|UE 1234: LCID 4: 208 bytes TX|UE 1234: LCID 4: 208 bytes RX||
25,25,UE RNTI 1234 (1) PH 0 dB PCMAX 0 dBm, average RSRP -44 (1 meas)|UE 1234: UL-RI 1, TPMI 0|UE 1234: dlsch_rounds 2005/60/60/59, dlsch_errors 59, pucch0_DTX 237, BLER 0.00000 MCS 9|UE 1234: dlsch_total_bytes 2375925|UE 1234: ulsch_rounds 1358/303/303/220, ulsch_DTX 237, ulsch_errors 116, BLER 0.00000 MCS 9|UE 1234: ulsch_total_bytes_scheduled 1542350, ulsch_total_bytes_received 1430873|UE 1234: LCID 4: 208 bytes TX|UE 1234: LCID 4: 208 bytes RX|||
26,26,UE RNTI 1234 (1) PH 0 dB PCMAX 0 dBm, average RSRP -44 (9 meas)|UE 1234: UL-RI 1, TPMI 0|UE 1234: dlsch_rounds 2067/60/60/59, dlsch_errors 59, pucch0_DTX 237, BLER 0.00000 MCS 9|UE 1234: dlsch_total_bytes 2449395|UE 1234: ulsch_rounds 1397/311/311/227, ulsch_DTX 237, ulsch_errors 118, BLER 0.00000 MCS 9|UE 1234: ulsch_total_bytes_scheduled 1586645, ulsch_total_bytes_received 1473534|UE 1234: LCID 4: 208 bytes TX|UE 1234: LCID 4: 208 bytes RX|||
27,27,UE RNTI 1234 (1) PH 0 dB PCMAX 0 dBm, average RSRP -44 (1 meas)|UE 1234: UL-RI 1, TPMI 0|UE 1234: dlsch_rounds 2129/60/60/59, dlsch_errors 59, pucch0_DTX 237, BLER 0.00000 MCS 9|UE 1234: dlsch_total_bytes 2522865|UE 1234: ulsch_rounds 1438/319/319/232, ulsch_DTX 237, ulsch_errors 120, BLER 0.00000 MCS 9|UE 1234: ulsch_total_bytes_scheduled 1633150, ulsch_total_bytes_received 1518501|UE 1234: LCID 4: 208 bytes TX|UE 1234: LCID 4: 208 bytes RX|||
28,28,UE RNTI 1234 (1) PH 0 dB PCMAX 0 dBm, average RSRP -44 (9 meas)|UE 1234: UL-RI 1, TPMI 0|UE 1234: dlsch_rounds 2191/60/60/59, dlsch_errors 59, pucch0_DTX 237, BLER 0.00000 MCS 9|UE 1234: dlsch_total_bytes 2596335|UE 1234: ulsch_rounds 1479/327/327/237, ulsch_DTX 237, ulsch_errors 122, BLER 0.00000 MCS 9|UE 1234: ulsch_total_bytes_scheduled 1679655, ulsch_total_bytes_received 1563468|UE 1234: LCID 4: 208 bytes TX|UE 1234: LCID 4: 208 bytes RX|||
29,29,UE RNTI 1234 (1) PH 0 dB PCMAX 0 dBm, average RSRP -44 (1 meas)|UE 1234: UL-RI 1, TPMI 0|UE 1234: dlsch_rounds 2253/60/60/59, dlsch_errors 59, pucch0_DTX 237, BLER 0.00000 MCS 9|UE 1234: dlsch_total_bytes 2669805|UE 1234: ulsch_rounds 1521/334/334/243, ulsch_DTX 237, ulsch_errors 124, BLER 0.00000 MCS 9|UE 1234: ulsch_total_bytes_scheduled 1727313, ulsch_total_bytes_received 1609588|UE 1234: LCID 4: 208 bytes TX|UE 1234: LCID 4: 208 bytes RX|||
30,30,UE RNTI 1234 (1) PH 0 dB PCMAX 0 dBm, average RSRP -44 (7 meas)|UE 1234: UL-RI 1, TPMI 0|UE 1234: dlsch_rounds 2308/60/60/59, dlsch_errors 59, pucch0_DTX 237, BLER 0.00000 MCS 9|UE 1234: dlsch_total_bytes 2734980|UE 1234: ulsch_rounds 1557/341/341/248, ulsch_DTX 237, ulsch_errors 125, BLER 0.00000 MCS 9|UE 1234: ulsch_total_bytes_scheduled 1768245, ulsch_total_bytes_received 1649943|UE 1234: LCID 4: 208 bytes TX|UE 1234: LCID 4: 208 bytes RX|||
31,31,UE RNTI 1234 (1) PH 0 dB PCMAX 0 dBm, average RSRP -44 (15 meas)|UE 1234: UL-RI 1, TPMI 0|UE 1234: dlsch_rounds 2368/60/60/59, dlsch_errors 59, pucch0_DTX 237, BLER 0.00000 MCS 9|UE 1234: dlsch_total_bytes 2806080|UE 1234: ulsch_rounds 1598/349/349/251, ulsch_DTX 237, ulsch_errors 125, BLER 0.00000 MCS 9|UE 1234: ulsch_total_bytes_scheduled 1814750, ulsch_total_bytes_received 1698369|UE 1234: LCID 4: 208 bytes TX|UE 1234: LCID 4: 208 bytes RX||
32,32,UE RNTI 1234 (1) PH 0 dB PCMAX 0 dBm, average RSRP -44 (6 meas)|UE 1234: UL-RI 1, TPMI 0|UE 1234: dlsch_rounds 2429/60/60/59, dlsch_errors 59, pucch0_DTX 237, BLER 0.00000 MCS 9|UE 1234: dlsch_total_bytes 2878365|UE 1234: ulsch_rounds 1639/356/356/257, ulsch_DTX 237, ulsch_errors 126, BLER 0.00000 MCS 9|UE 1234: ulsch_total_bytes_scheduled 1861255, ulsch_total_bytes_received 1743336|UE 1234: LCID 4: 208 bytes TX|UE 1234: LCID 4: 208 bytes RX|||
33,33,UE RNTI 1234 (1) PH 0 dB PCMAX 0 dBm, average RSRP -44 (14 meas)|UE 1234: UL-RI 1, TPMI 0|UE 1234: dlsch_rounds 2491/60/60/59, dlsch_errors 59, pucch0_DTX 237, BLER 0.00000 MCS 9|UE 1234: dlsch_total_bytes 2951835|UE 1234: ulsch_rounds 1679/364/364/263, ulsch_DTX 237, ulsch_errors 127, BLER 0.00000 MCS 9|UE 1234: ulsch_total_bytes_scheduled 1906703, ulsch_total_bytes_received 1788303|UE 1234: LCID 4: 208 bytes TX|UE 1234: LCID 4: 208 bytes RX||
34,34,UE RNTI 1234 (1) PH 0 dB PCMAX 0 dBm, average RSRP -44 (6 meas)|UE 1234: UL-RI 1, TPMI 0|UE 1234: dlsch_rounds 2553/60/60/59, dlsch_errors 59, pucch0_DTX 237, BLER 0.00000 MCS 9|UE 1234: dlsch_total_bytes 3025305|UE 1234: ulsch_rounds 1719/372/372/269, ulsch_DTX 237, ulsch_errors 127, BLER 0.00000 MCS 9|UE 1234: ulsch_total_bytes_scheduled 1952055, ulsch_total_bytes_received 1834423|UE 1234: LCID 4: 208 bytes TX|UE 1234: LCID 4: 208 bytes RX|||
35,35,UE RNTI 1234 (1) PH 0 dB PCMAX 0 dBm, average RSRP -44 (14 meas)|UE 1234: UL-RI 1, TPMI 0|UE 1234: dlsch_rounds 2615/60/60/59, dlsch_errors 59, pucch0_DTX 237, BLER 0.00000 MCS 9|UE 1234: dlsch_total_bytes 3098775|UE 1234: ulsch_rounds 1760/380/380/274, ulsch_DTX 237, ulsch_errors 129, BLER 0.00000 MCS 9|UE 1234: ulsch_total_bytes_scheduled 1998560, ulsch_total_bytes_received 1879390|UE 1234: LCID 4: 208 bytes TX|UE 1234: LCID 4: 208 bytes RX||
36,36,UE RNTI 1234 (1) PH 0 dB PCMAX 0 dBm, average RSRP -44 (5 meas)|UE 1234: UL-RI 1, TPMI 0|UE 1234: dlsch_rounds 2677/60/60/59, dlsch_errors 59, pucch0_DTX 237, BLER 0.00000 MCS 9|UE 1234: dlsch_total_bytes 3172245|UE 1234: ulsch_rounds 1803/387/387/279, ulsch_DTX 237, ulsch_errors 131, BLER 0.00000 MCS 9|UE 1234: ulsch_total_bytes_scheduled 2047371, ulsch_total_bytes_received 1926663|UE 1234: LCID 4: 208 bytes TX|UE 1234: LCID 4: 208 bytes RX|||
37,37,UE RNTI 1234 (1) PH 0 dB PCMAX 0 dBm, average RSRP -44 (13 meas)|UE 1234: UL-RI 1, TPMI 0|UE 1234: dlsch_rounds 2739/60/60/59, dlsch_errors 59, pucch0_DTX 237, BLER 0.00000 MCS 9|UE 1234: dlsch_total_bytes 3245715|UE 1234: ulsch_rounds 1845/395/395/283, ulsch_DTX 237, ulsch_errors 132, BLER 0.00000 MCS 9|UE 1234: ulsch_total_bytes_scheduled 2095125, ulsch_total_bytes_received 1973936|UE 1234: LCID 4: 208 bytes TX|UE 1234: LCID 4: 208 bytes RX||
38,38,UE RNTI 1234 (1) PH 0 dB PCMAX 0 dBm, average RSRP -44 (5 meas)|UE 1234: UL-RI 1, TPMI 0|UE 1234: dlsch_rounds 2801/60/60/59, dlsch_errors 59, pucch0_DTX 237, BLER 0.00000 MCS 9|UE 1234: dlsch_total_bytes 3319185|UE 1234: ulsch_rounds 1884/403/403/290, ulsch_DTX 237, ulsch_errors 136, BLER 0.00000 MCS 9|UE 1234: ulsch_total_bytes_scheduled 2139324, ulsch_total_bytes_received 2014291|UE 1234: LCID 4: 208 bytes TX|UE 1234: LCID 4: 208 bytes RX|||
39,39,UE RNTI 1234 (1) PH 0 dB PCMAX 0 dBm, average RSRP -44 (13 meas)|UE 1234: UL-RI 1, TPMI 0|UE 1234: dlsch_rounds 2863/60/60/59, dlsch_errors 59, pucch0_DTX 237, BLER 0.00000 MCS 9|UE 1234: dlsch_total_bytes 3392655|UE 1234: ulsch_rounds 1927/411/411/293, ulsch_DTX 237, ulsch_errors 136, BLER 0.00000 MCS 9|UE 1234: ulsch_total_bytes_scheduled 2188135, ulsch_total_bytes_received 2063870|UE 1234: LCID 4: 208 bytes TX|UE 1234: LCID 4: 208 bytes RX||
40,40,UE RNTI 1234 (1) PH 0 dB PCMAX 0 dBm, average RSRP -44 (4 meas)|UE 1234: UL-RI 1, TPMI 0|UE 1234: dlsch_rounds 2925/60/60/59, dlsch_errors 59, pucch0_DTX 237, BLER 0.00000 MCS 9|UE 1234: dlsch_total_bytes 3466125|UE 1234: ulsch_rounds 1969/418/418/299, ulsch_DTX 237, ulsch_errors 138, BLER 0.00000 MCS 9|UE 1234: ulsch_total_bytes_scheduled 2235793, ulsch_total_bytes_received 2109990|UE 1234: LCID 4: 208 bytes TX|UE 1234: LCID 4: 208 bytes RX|||
41,41,UE RNTI 1234 (1) PH 0 dB PCMAX 0 dBm, average RSRP -44 (12 meas)|UE 1234: UL-RI 1, TPMI 0|UE 1234: dlsch_rounds 2987/60/60/59, dlsch_errors 59, pucch0_DTX 237, BLER 0.00000 MCS 9|UE 1234: dlsch_total_bytes 3539595|UE 1234: ulsch_rounds 2010/426/426/304, ulsch_DTX 237, ulsch_errors 141, BLER 0.00000 MCS 9|UE 1234: ulsch_total_bytes_scheduled 2282394, ulsch_total_bytes_received 2154957|UE 1234: LCID 4: 208 bytes TX|UE 1234: LCID 4: 208 bytes RX||
42,42,UE RNTI 1234 (1) PH 0 dB PCMAX 0 dBm, average RSRP -44 (4 meas)|UE 1234: UL-RI 1, TPMI 0|UE 1234: dlsch_rounds 3050/60/60/59, dlsch_errors 59, pucch0_DTX 237, BLER 0.00000 MCS 9|UE 1234: dlsch_total_bytes 3614250|UE 1234: ulsch_rounds 2052/434/434/308, ulsch_DTX 237, ulsch_errors 144, BLER 0.00000 MCS 9|UE 1234: ulsch_total_bytes_scheduled 2330052, ulsch_total_bytes_received 2199924|UE 1234: LCID 4: 208 bytes TX|UE 1234: LCID 4: 208 bytes RX|||
43,43,UE RNTI 1234 (1) PH 0 dB PCMAX 0 dBm, average RSRP -44 (12 meas)|UE 1234: UL-RI 1, TPMI 0|UE 1234: dlsch_rounds 3112/60/60/59, dlsch_errors 59, pucch0_DTX 237, BLER 0.00000 MCS 9|UE 1234: dlsch_total_bytes 3687720|UE 1234: ulsch_rounds 2093/442/442/314, ulsch_DTX 237, ulsch_errors 146, BLER 0.00000 MCS 9|UE 1234: ulsch_total_bytes_scheduled 2376557, ulsch_total_bytes_received 2243738|UE 1234: LCID 4: 208 bytes TX|UE 1234: LCID 4: 208 bytes RX||
44,44,UE RNTI 1234 (1) PH 0 dB PCMAX 0 dBm, average RSRP -44 (4 meas)|UE 1234: UL-RI 1, TPMI 0|UE 1234: dlsch_rounds 3174/60/60/59, dlsch_errors 59, pucch0_DTX 237, BLER 0.00000 MCS 9|UE 1234: dlsch_total_bytes 3761190|UE 1234: ulsch_rounds 2139/450/449/315, ulsch_DTX 237, ulsch_errors 147, BLER 0.00000 MCS 9|UE 1234: ulsch_total_bytes_scheduled 2428827, ulsch_total_bytes_received 2295623|UE 1234: LCID 4: 208 bytes TX|UE 1234: LCID 4: 208 bytes RX|||
45,45,UE RNTI 1234 (1) PH 0 dB PCMAX 0 dBm, average RSRP -44 (11 meas)|UE 1234: UL-RI 1, TPMI 0|UE 1234: dlsch_rounds 3236/60/60/59, dlsch_errors 59, pucch0_DTX 237, BLER 0.00000 MCS 9|UE 1234: dlsch_total_bytes 3834660|UE 1234: ulsch_rounds 2180/457/457/321, ulsch_DTX 237, ulsch_errors 149, BLER 0.00000 MCS 9|UE 1234: ulsch_total_bytes_scheduled 2475428, ulsch_total_bytes_received 2340590|UE 1234: LCID 4: 208 bytes TX|UE 1234: LCID 4: 208 bytes RX||
46,46,UE RNTI 1234 (1) PH 0 dB PCMAX 0 dBm, average RSRP -44 (3 meas)|UE 1234: UL-RI 1, TPMI 0|UE 1234: dlsch_rounds 3298/60/60/59, dlsch_errors 59, pucch0_DTX 237, BLER 0.00000 MCS 9|UE 1234: dlsch_total_bytes 3908130|UE 1234: ulsch_rounds 2221/465/465/326, ulsch_DTX 237, ulsch_errors 150, BLER 0.00000 MCS 9|UE 1234: ulsch_total_bytes_scheduled 2521933, ulsch_total_bytes_received 2387863|UE 1234: LCID 4: 208 bytes TX|UE 1234: LCID 4: 208 bytes RX|||
47,47,UE RNTI 1234 (1) PH 0 dB PCMAX 0 dBm, average RSRP -44 (11 meas)|UE 1234: UL-RI 1, TPMI 0|UE 1234: dlsch_rounds 3361/60/60/59, dlsch_errors 59, pucch0_DTX 237, BLER 0.00000 MCS 9|UE 1234: dlsch_total_bytes 3982785|UE 1234: ulsch_rounds 2264/473/473/330, ulsch_DTX 237, ulsch_errors 152, BLER 0.00000 MCS 9|UE 1234: ulsch_total_bytes_scheduled 2570744, ulsch_total_bytes_received 2433983|UE 1234: LCID 4: 208 bytes TX|UE 1234: LCID 4: 208 bytes RX||
48,48,UE RNTI 1234 (1) PH 0 dB PCMAX 0 dBm, average RSRP -44 (2 meas)|UE 1234: UL-RI 1, TPMI 0|UE 1234: dlsch_rounds 3417/60/60/59, dlsch_errors 59, pucch0_DTX 237, BLER 0.00000 MCS 9|UE 1234: dlsch_total_bytes 4049145|UE 1234: ulsch_rounds 2300/480/480/336, ulsch_DTX 237, ulsch_errors 153, BLER 0.00000 MCS 9|UE 1234: ulsch_total_bytes_scheduled 2611580, ulsch_total_bytes_received 2474338|UE 1234: LCID 4: 208 bytes TX|UE 1234: LCID 4: 208 bytes RX|||
49,49,UE RNTI 1234 (1) PH 0 dB PCMAX 0 dBm, average RSRP -44 (7 meas)|UE 1234: UL-RI 1, TPMI 0|UE 1234: dlsch_rounds 3459/60/60/59, dlsch_errors 59, pucch0_DTX 237, BLER 0.00000 MCS 9|UE 1234: dlsch_total_bytes 4098915|UE 1234: ulsch_rounds 2328/485/485/340, ulsch_DTX 237, ulsch_errors 155, BLER 0.00000 MCS 9|UE 1234: ulsch_total_bytes_scheduled 2643384, ulsch_total_bytes_received 2504316|UE 1234: LCID 4: 208 bytes TX|UE 1234: LCID 4: 208 bytes RX|||
50,50,UE RNTI 1234 (1) PH 0 dB PCMAX 0 dBm, average RSRP -44 (13 meas)|UE 1234: UL-RI 1, TPMI 0|UE 1234: dlsch_rounds 3504/60/60/59, dlsch_errors 59, pucch0_DTX 237, BLER 0.00000 MCS 9|UE 1234: dlsch_total_bytes 4152240|UE 1234: ulsch_rounds 2357/491/491/344, ulsch_DTX 237, ulsch_errors 158, BLER 0.00000 MCS 9|UE 1234: ulsch_total_bytes_scheduled 2676245, ulsch_total_bytes_received 2534294|UE 1234: LCID 4: 208 bytes TX|UE 1234: LCID 4: 208 bytes RX||
51,51,UE RNTI 1234 (1) PH 0 dB PCMAX 0 dBm, average RSRP -44 (4 meas)|UE 1234: UL-RI 1, TPMI 0|UE 1234: dlsch_rounds 3558/60/60/59, dlsch_errors 59, pucch0_DTX 237, BLER 0.00000 MCS 9|UE 1234: dlsch_total_bytes 4216230|UE 1234: ulsch_rounds 2393/498/497/349, ulsch_DTX 237, ulsch_errors 158, BLER 0.00000 MCS 9|UE 1234: ulsch_total_bytes_scheduled 2717081, ulsch_total_bytes_received 2575802|UE 1234: LCID 4: 208 bytes TX|UE 1234: LCID 4: 208 bytes RX|||
52,52,UE RNTI 1234 (1) PH 0 dB PCMAX 0 dBm, average RSRP -44 (11 meas)|UE 1234: UL-RI 1, TPMI 0|UE 1234: dlsch_rounds 3621/60/60/59, dlsch_errors 59, pucch0_DTX 237, BLER 0.00000 MCS 9|UE 1234: dlsch_total_bytes 4290885|UE 1234: ulsch_rounds 2437/505/505/353, ulsch_DTX 237, ulsch_errors 159, BLER 0.00000 MCS 9|UE 1234: ulsch_total_bytes_scheduled 2767045, ulsch_total_bytes_received 2625381|UE 1234: LCID 4: 208 bytes TX|UE 1234: LCID 4: 208 bytes RX||
53,53,UE RNTI 1234 (1) PH 0 dB PCMAX 0 dBm, average RSRP -44 (3 meas)|UE 1234: UL-RI 1, TPMI 0|UE 1234: dlsch_rounds 3683/60/60/59, dlsch_errors 59, pucch0_DTX 237, BLER 0.00000 MCS 9|UE 1234: dlsch_total_bytes 4364355|UE 1234: ulsch_rounds 2478/513/513/358, ulsch_DTX 237, ulsch_errors 162, BLER 0.00000 MCS 9|UE 1234: ulsch_total_bytes_scheduled 2813646, ulsch_total_bytes_received 2669195|UE 1234: LCID 4: 208 bytes TX|UE 1234: LCID 4: 208 bytes RX|||
54,54,UE RNTI 1234 (1) PH 0 dB PCMAX 0 dBm, average RSRP -44 (11 meas)|UE 1234: UL-RI 1, TPMI 0|UE 1234: dlsch_rounds 3745/60/60/59, dlsch_errors 59, pucch0_DTX 237, BLER 0.00000 MCS 9|UE 1234: dlsch_total_bytes 4437825|UE 1234: ulsch_rounds 2522/521/521/360, ulsch_DTX 237, ulsch_errors 162, BLER 0.00000 MCS 9|UE 1234: ulsch_total_bytes_scheduled 2863610, ulsch_total_bytes_received 2719927|UE 1234: LCID 4: 208 bytes TX|UE 1234: LCID 4: 208 bytes RX||
55,55,UE RNTI 1234 (1) PH 0 dB PCMAX 0 dBm, average RSRP -44 (3 meas)|UE 1234: UL-RI 1, TPMI 0|UE 1234: dlsch_rounds 3807/60/60/59, dlsch_errors 59, pucch0_DTX 237, BLER 0.00000 MCS 9|UE 1234: dlsch_total_bytes 4511295|UE 1234: ulsch_rounds 2565/529/529/363, ulsch_DTX 237, ulsch_errors 162, BLER 0.00000 MCS 9|UE 1234: ulsch_total_bytes_scheduled 2912421, ulsch_total_bytes_received 2769506|UE 1234: LCID 4: 208 bytes TX|UE 1234: LCID 4: 208 bytes RX|||
56,56,UE RNTI 1234 (1) PH 0 dB PCMAX 0 dBm, average RSRP -44 (11 meas)|UE 1234: UL-RI 1, TPMI 0|UE 1234: dlsch_rounds 3870/60/60/59, dlsch_errors 59, pucch0_DTX 237, BLER 0.00000 MCS 9|UE 1234: dlsch_total_bytes 4585950|UE 1234: ulsch_rounds 2607/536/536/369, ulsch_DTX 237, ulsch_errors 163, BLER 0.00000 MCS 9|UE 1234: ulsch_total_bytes_scheduled 2960079, ulsch_total_bytes_received 2816779|UE 1234: LCID 4: 208 bytes TX|UE 1234: LCID 4: 208 bytes RX||
57,57,UE RNTI 1234 (1) PH 0 dB PCMAX 0 dBm, average RSRP -44 (2 meas)|UE 1234: UL-RI 1, TPMI 0|UE 1234: dlsch_rounds 3931/60/60/59, dlsch_errors 59, pucch0_DTX 237, BLER 0.00000 MCS 9|UE 1234: dlsch_total_bytes 4658235|UE 1234: ulsch_rounds 2646/544/544/376, ulsch_DTX 237, ulsch_errors 166, BLER 0.00000 MCS 9|UE 1234: ulsch_total_bytes_scheduled 3004374, ulsch_total_bytes_received 2858287|UE 1234: LCID 4: 208 bytes TX|UE 1234: LCID 4: 208 bytes RX|||
58,58,UE RNTI 1234 (1) PH 0 dB PCMAX 0 dBm, average RSRP -44 (10 meas)|UE 1234: UL-RI 1, TPMI 0|UE 1234: dlsch_rounds 3990/60/60/59, dlsch_errors 59, pucch0_DTX 237, BLER 0.00000 MCS 9|UE 1234: dlsch_total_bytes 4728150|UE 1234: ulsch_rounds 2685/552/551/381, ulsch_DTX 237, ulsch_errors 168, BLER 0.00000 MCS 9|UE 1234: ulsch_total_bytes_scheduled 3048573, ulsch_total_bytes_received 2900948|UE 1234: LCID 4: 260 bytes TX|UE 1234: LCID 4: 260 bytes RX||
59,59,UE RNTI 1234 (1) PH 0 dB PCMAX 0 dBm, average RSRP -44 (1 meas)|UE 1234: UL-RI 1, TPMI 0|UE 1234: dlsch_rounds 4052/60/60/59, dlsch_errors 59, pucch0_DTX 237, BLER 0.00000 MCS 9|UE 1234: dlsch_total_bytes 4801620|UE 1234: ulsch_rounds 2727/559/559/386, ulsch_DTX 237, ulsch_errors 169, BLER 0.00000 MCS 9|UE 1234: ulsch_total_bytes_scheduled 3096327, ulsch_total_bytes_received 2948221|UE 1234: LCID 4: 260 bytes TX|UE 1234: LCID 4: 260 bytes RX|||
60,60,UE RNTI 1234 (1) PH 0 dB PCMAX 0 dBm, average RSRP -44 (9 meas)|UE 1234: UL-RI 1, TPMI 0|UE 1234: dlsch_rounds 4113/60/60/59, dlsch_errors 59, pucch0_DTX 237, BLER 0.00000 MCS 9|UE 1234: dlsch_total_bytes 4873905|UE 1234: ulsch_rounds 2767/567/567/391, ulsch_DTX 237, ulsch_errors 171, BLER 0.00000 MCS 9|UE 1234: ulsch_total_bytes_scheduled 3141679, ulsch_total_bytes_received 2993188|UE 1234: LCID 4: 260 bytes TX|UE 1234: LCID 4: 260 bytes RX|||
61,61,UE RNTI 1234 (1) PH 0 dB PCMAX 0 dBm, average RSRP -44 (1 meas)|UE 1234: UL-RI 1, TPMI 0|UE 1234: dlsch_rounds 4175/60/60/59, dlsch_errors 59, pucch0_DTX 237, BLER 0.00000 MCS 9|UE 1234: dlsch_total_bytes 4947375|UE 1234: ulsch_rounds 2810/575/575/394, ulsch_DTX 237, ulsch_errors 172, BLER 0.00000 MCS 9|UE 1234: ulsch_total_bytes_scheduled 3190490, ulsch_total_bytes_received 3040461|UE 1234: LCID 4: 260 bytes TX|UE 1234: LCID 4: 260 bytes RX|||
62,62,UE RNTI 1234 (1) PH 0 dB PCMAX 0 dBm, average RSRP -44 (9 meas)|UE 1234: UL-RI 1, TPMI 0|UE 1234: dlsch_rounds 4238/60/60/59, dlsch_errors 59, pucch0_DTX 237, BLER 0.00000 MCS 9|UE 1234: dlsch_total_bytes 5022030|UE 1234: ulsch_rounds 2853/583/582/399, ulsch_DTX 237, ulsch_errors 174, BLER 0.00000 MCS 9|UE 1234: ulsch_total_bytes_scheduled 3239301, ulsch_total_bytes_received 3087734|UE 1234: LCID 4: 260 bytes TX|UE 1234: LCID 4: 260 bytes RX|||
63,63,UE RNTI 1234 (1) PH 0 dB PCMAX 0 dBm, average RSRP -44 (16 meas)|UE 1234: UL-RI 1, TPMI 0|UE 1234: dlsch_rounds 4300/60/60/59, dlsch_errors 59, pucch0_DTX 237, BLER 0.00000 MCS 9|UE 1234: dlsch_total_bytes 5095500|UE 1234: ulsch_rounds 2895/590/590/404, ulsch_DTX 237, ulsch_errors 176, BLER 0.00000 MCS 9|UE 1234: ulsch_total_bytes_scheduled 3287055, ulsch_total_bytes_received 3133854|UE 1234: LCID 4: 260 bytes TX|UE 1234: LCID 4: 260 bytes RX||
64,64,UE RNTI 1234 (1) PH 0 dB PCMAX 0 dBm, average RSRP -44 (8 meas)|UE 1234: UL-RI 1, TPMI 0|UE 1234: dlsch_rounds 4360/60/60/59, dlsch_errors 59, pucch0_DTX 237, BLER 0.00000 MCS 9|UE 1234: dlsch_total_bytes 5166600|UE 1234: ulsch_rounds 2933/598/598/410, ulsch_DTX 237, ulsch_errors 177, BLER 0.00000 MCS 9|UE 1234: ulsch_total_bytes_scheduled 3330101, ulsch_total_bytes_received 3176515|UE 1234: LCID 4: 260 bytes TX|UE 1234: LCID 4: 260 bytes RX|||
65,65,UE RNTI 1234 (1) PH 0 dB PCMAX 0 dBm, average RSRP -44 (16 meas)|UE 1234: UL-RI 1, TPMI 0|UE 1234: dlsch_rounds 4422/60/60/59, dlsch_errors 59, pucch0_DTX 237, BLER 0.00000 MCS 9|UE 1234: dlsch_total_bytes 5240070|UE 1234: ulsch_rounds 2975/606/605/415, ulsch_DTX 237, ulsch_errors 179, BLER 0.00000 MCS 9|UE 1234: ulsch_total_bytes_scheduled 3377759, ulsch_total_bytes_received 3222635|UE 1234: LCID 4: 260 bytes TX|UE 1234: LCID 4: 260 bytes RX||
66,66,UE RNTI 1234 (1) PH 0 dB PCMAX 0 dBm, average RSRP -44 (7 meas)|UE 1234: UL-RI 1, TPMI 0|UE 1234: dlsch_rounds 4485/60/60/59, dlsch_errors 59, pucch0_DTX 237, BLER 0.00000 MCS 9|UE 1234: dlsch_total_bytes 5314725|UE 1234: ulsch_rounds 3018/613/613/420, ulsch_DTX 237, ulsch_errors 182, BLER 0.00000 MCS 9|UE 1234: ulsch_total_bytes_scheduled 3426570, ulsch_total_bytes_received 3268755|UE 1234: LCID 4: 260 bytes TX|UE 1234: LCID 4: 260 bytes RX|||
67,67,UE RNTI 1234 (1) PH 0 dB PCMAX 0 dBm, average RSRP -44 (15 meas)|UE 1234: UL-RI 1, TPMI 0|UE 1234: dlsch_rounds 4548/60/60/59, dlsch_errors 59, pucch0_DTX 237, BLER 0.00000 MCS 9|UE 1234: dlsch_total_bytes 5389380|UE 1234: ulsch_rounds 3059/621/621/426, ulsch_DTX 237, ulsch_errors 184, BLER 0.00000 MCS 9|UE 1234: ulsch_total_bytes_scheduled 3473171, ulsch_total_bytes_received 3313722|UE 1234: LCID 4: 260 bytes TX|UE 1234: LCID 4: 260 bytes RX||
68,68,UE RNTI 1234 (1) PH 0 dB PCMAX 0 dBm, average RSRP -44 (6 meas)|UE 1234: UL-RI 1, TPMI 0|UE 1234: dlsch_rounds 4604/60/60/59, dlsch_errors 59, pucch0_DTX 237, BLER 0.00000 MCS 9|UE 1234: dlsch_total_bytes 5455740|UE 1234: ulsch_rounds 3096/628/628/431, ulsch_DTX 237, ulsch_errors 186, BLER 0.00000 MCS 9|UE 1234: ulsch_total_bytes_scheduled 3515160, ulsch_total_bytes_received 3354077|UE 1234: LCID 4: 260 bytes TX|UE 1234: LCID 4: 260 bytes RX|||
69,69,UE RNTI 1234 (1) PH 0 dB PCMAX 0 dBm, average RSRP -44 (14 meas)|UE 1234: UL-RI 1, TPMI 0|UE 1234: dlsch_rounds 4666/60/60/59, dlsch_errors 59, pucch0_DTX 237, BLER 0.00000 MCS 9|UE 1234: dlsch_total_bytes 5529210|UE 1234: ulsch_rounds 3137/636/636/436, ulsch_DTX 237, ulsch_errors 188, BLER 0.00000 MCS 9|UE 1234: ulsch_total_bytes_scheduled 3561665, ulsch_total_bytes_received 3399044|UE 1234: LCID 4: 260 bytes TX|UE 1234: LCID 4: 260 bytes RX||
70,70,UE RNTI 1234 (1) PH 0 dB PCMAX 0 dBm, average RSRP -44 (6 meas)|UE 1234: UL-RI 1, TPMI 0|UE 1234: dlsch_rounds 4728/60/60/59, dlsch_errors 59, pucch0_DTX 237, BLER 0.00000 MCS 9|UE 1234: dlsch_total_bytes 5602680|UE 1234: ulsch_rounds 3177/644/644/442, ulsch_DTX 237, ulsch_errors 189, BLER 0.00000 MCS 9|UE 1234: ulsch_total_bytes_scheduled 3607017, ulsch_total_bytes_received 3445164|UE 1234: LCID 4: 260 bytes TX|UE 1234: LCID 4: 260 bytes RX|||
71,71,UE RNTI 1234 (1) PH 0 dB PCMAX 0 dBm, average RSRP -44 (14 meas)|UE 1234: UL-RI 1, TPMI 0|UE 1234: dlsch_rounds 4791/60/60/59, dlsch_errors 59, pucch0_DTX 237, BLER 0.00000 MCS 9|UE 1234: dlsch_total_bytes 5677335|UE 1234: ulsch_rounds 3219/652/652/447, ulsch_DTX 237, ulsch_errors 190, BLER 0.00000 MCS 9|UE 1234: ulsch_total_bytes_scheduled 3654675, ulsch_total_bytes_received 3491284|UE 1234: LCID 4: 260 bytes TX|UE 1234: LCID 4: 260 bytes RX||
72,72,UE RNTI 1234 (1) PH 0 dB PCMAX 0 dBm, average RSRP -44 (5 meas)|UE 1234: UL-RI 1, TPMI 0|UE 1234: dlsch_rounds 4853/60/60/59, dlsch_errors 59, pucch0_DTX 237, BLER 0.00000 MCS 9|UE 1234: dlsch_total_bytes 5750805|UE 1234: ulsch_rounds 3261/659/659/453, ulsch_DTX 237, ulsch_errors 191, BLER 0.00000 MCS 9|UE 1234: ulsch_total_bytes_scheduled 3702333, ulsch_total_bytes_received 3538557|UE 1234: LCID 4: 260 bytes TX|UE 1234: LCID 4: 260 bytes RX|||
73,73,UE RNTI 1234 (1) PH 0 dB PCMAX 0 dBm, average RSRP -44 (13 meas)|UE 1234: UL-RI 1, TPMI 0|UE 1234: dlsch_rounds 4915/60/60/59, dlsch_errors 59, pucch0_DTX 237, BLER 0.00000 MCS 9|UE 1234: dlsch_total_bytes 5824275|UE 1234: ulsch_rounds 3303/667/667/457, ulsch_DTX 237, ulsch_errors 192, BLER 0.00000 MCS 9|UE 1234: ulsch_total_bytes_scheduled 3750087, ulsch_total_bytes_received 3586983|UE 1234: LCID 4: 260 bytes TX|UE 1234: LCID 4: 260 bytes RX||
74,74,UE RNTI 1234 (1) PH 0 dB PCMAX 0 dBm, average RSRP -44 (5 meas)|UE 1234: UL-RI 1, TPMI 0|UE 1234: dlsch_rounds 4978/60/60/59, dlsch_errors 59, pucch0_DTX 237, BLER 0.00000 MCS 9|UE 1234: dlsch_total_bytes 5898930|UE 1234: ulsch_rounds 3347/675/675/460, ulsch_DTX 237, ulsch_errors 192, BLER 0.00000 MCS 9|UE 1234: ulsch_total_bytes_scheduled 3800051, ulsch_total_bytes_received 3636562|UE 1234: LCID 4: 260 bytes TX|UE 1234: LCID 4: 260 bytes RX|||
75,75,UE RNTI 1234 (1) PH 0 dB PCMAX 0 dBm, average RSRP -44 (13 meas)|UE 1234: UL-RI 1, TPMI 0|UE 1234: dlsch_rounds 5040/60/60/59, dlsch_errors 59, pucch0_DTX 237, BLER 0.00000 MCS 9|UE 1234: dlsch_total_bytes 5972400|UE 1234: ulsch_rounds 3388/683/683/465, ulsch_DTX 237, ulsch_errors 193, BLER 0.00000 MCS 9|UE 1234: ulsch_total_bytes_scheduled 3846556, ulsch_total_bytes_received 3682682|UE 1234: LCID 4: 260 bytes TX|UE 1234: LCID 4: 260 bytes RX||
76,76,UE RNTI 1234 (1) PH 0 dB PCMAX 0 dBm, average RSRP -44 (5 meas)|UE 1234: UL-RI 1, TPMI 0|UE 1234: dlsch_rounds 5103/60/60/59, dlsch_errors 59, pucch0_DTX 237, BLER 0.00000 MCS 9|UE 1234: dlsch_total_bytes 6047055|UE 1234: ulsch_rounds 3431/691/690/469, ulsch_DTX 237, ulsch_errors 194, BLER 0.00000 MCS 9|UE 1234: ulsch_total_bytes_scheduled 3895367, ulsch_total_bytes_received 3731108|UE 1234: LCID 4: 260 bytes TX|UE 1234: LCID 4: 260 bytes RX|||
77,77,UE RNTI 1234 (1) PH 0 dB PCMAX 0 dBm, average RSRP -44 (12 meas)|UE 1234: UL-RI 1, TPMI 0|UE 1234: dlsch_rounds 5165/60/60/59, dlsch_errors 59, pucch0_DTX 237, BLER 0.00000 MCS 9|UE 1234: dlsch_total_bytes 6120525|UE 1234: ulsch_rounds 3472/698/698/476, ulsch_DTX 237, ulsch_errors 197, BLER 0.00000 MCS 9|UE 1234: ulsch_total_bytes_scheduled 3941872, ulsch_total_bytes_received 3774922|UE 1234: LCID 4: 260 bytes TX|UE 1234: LCID 4: 260 bytes RX||
78,78,UE RNTI 1234 (1) PH 0 dB PCMAX 0 dBm, average RSRP -44 (4 meas)|UE 1234: UL-RI 1, TPMI 0|UE 1234: dlsch_rounds 5226/60/60/59, dlsch_errors 59, pucch0_DTX 237, BLER 0.00000 MCS 9|UE 1234: dlsch_total_bytes 6192810|UE 1234: ulsch_rounds 3513/706/706/479, ulsch_DTX 237, ulsch_errors 199, BLER 0.00000 MCS 9|UE 1234: ulsch_total_bytes_scheduled 3988473, ulsch_total_bytes_received 3821042|UE 1234: LCID 4: 260 bytes TX|UE 1234: LCID 4: 260 bytes RX|||
79,79,UE RNTI 1234 (1) PH 0 dB PCMAX 0 dBm, average RSRP -44 (12 meas)|UE 1234: UL-RI 1, TPMI 0|UE 1234: dlsch_rounds 5288/60/60/59, dlsch_errors 59, pucch0_DTX 237, BLER 0.00000 MCS 9|UE 1234: dlsch_total_bytes 6266280|UE 1234: ulsch_rounds 3555/714/714/484, ulsch_DTX 237, ulsch_errors 199, BLER 0.00000 MCS 9|UE 1234: ulsch_total_bytes_scheduled 4036131, ulsch_total_bytes_received 3868315|UE 1234: LCID 4: 260 bytes TX|UE 1234: LCID 4: 260 bytes RX||
80,80,UE RNTI 1234 (1) PH 0 dB PCMAX 0 dBm, average RSRP -44 (4 meas)|UE 1234: UL-RI 1, TPMI 0|UE 1234: dlsch_rounds 5350/60/60/59, dlsch_errors 59, pucch0_DTX 237, BLER 0.00000 MCS 9|UE 1234: dlsch_total_bytes 6339750|UE 1234: ulsch_rounds 3596/722/721/490, ulsch_DTX 237, ulsch_errors 204, BLER 0.00000 MCS 9|UE 1234: ulsch_total_bytes_scheduled 4082636, ulsch_total_bytes_received 3909823|UE 1234: LCID 4: 260 bytes TX|UE 1234: LCID 4: 260 bytes RX|||
81,81,UE RNTI 1234 (1) PH 0 dB PCMAX 0 dBm, average RSRP -44 (11 meas)|UE 1234: UL-RI 1, TPMI 0|UE 1234: dlsch_rounds 5412/60/60/59, dlsch_errors 59, pucch0_DTX 237, BLER 0.00000 MCS 9|UE 1234: dlsch_total_bytes 6413220|UE 1234: ulsch_rounds 3637/729/729/496, ulsch_DTX 237, ulsch_errors 207, BLER 0.00000 MCS 9|UE 1234: ulsch_total_bytes_scheduled 4129237, ulsch_total_bytes_received 3953637|UE 1234: LCID 4: 260 bytes TX|UE 1234: LCID 4: 260 bytes RX||
82,82,UE RNTI 1234 (1) PH 0 dB PCMAX 0 dBm, average RSRP -44 (3 meas)|UE 1234: UL-RI 1, TPMI 0|UE 1234: dlsch_rounds 5474/60/60/59, dlsch_errors 59, pucch0_DTX 237, BLER 0.00000 MCS 9|UE 1234: dlsch_total_bytes 6486690|UE 1234: ulsch_rounds 3679/737/737/500, ulsch_DTX 237, ulsch_errors 209, BLER 0.00000 MCS 9|UE 1234: ulsch_total_bytes_scheduled 4176895, ulsch_total_bytes_received 4000910|UE 1234: LCID 4: 260 bytes TX|UE 1234: LCID 4: 260 bytes RX|||
83,83,UE RNTI 1234 (1) PH 0 dB PCMAX 0 dBm, average RSRP -44 (11 meas)|UE 1234: UL-RI 1, TPMI 0|UE 1234: dlsch_rounds 5537/60/60/59, dlsch_errors 59, pucch0_DTX 237, BLER 0.00000 MCS 9|UE 1234: dlsch_total_bytes 6561345|UE 1234: ulsch_rounds 3721/745/745/505, ulsch_DTX 237, ulsch_errors 211, BLER 0.00000 MCS 9|UE 1234: ulsch_total_bytes_scheduled 4224553, ulsch_total_bytes_received 4045877|UE 1234: LCID 4: 260 bytes TX|UE 1234: LCID 4: 260 bytes RX||
84,84,UE RNTI 1234 (1) PH 0 dB PCMAX 0 dBm, average RSRP -44 (3 meas)|UE 1234: UL-RI 1, TPMI 0|UE 1234: dlsch_rounds 5599/60/60/59, dlsch_errors 59, pucch0_DTX 237, BLER 0.00000 MCS 9|UE 1234: dlsch_total_bytes 6634815|UE 1234: ulsch_rounds 3763/753/753/509, ulsch_DTX 237, ulsch_errors 213, BLER 0.00000 MCS 9|UE 1234: ulsch_total_bytes_scheduled 4272211, ulsch_total_bytes_received 4091997|UE 1234: LCID 4: 260 bytes TX|UE 1234: LCID 4: 260 bytes RX|||
85,85,UE RNTI 1234 (1) PH 0 dB PCMAX 0 dBm, average RSRP -44 (11 meas)|UE 1234: UL-RI 1, TPMI 0|UE 1234: dlsch_rounds 5661/60/60/59, dlsch_errors 59, pucch0_DTX 237, BLER 0.00000 MCS 9|UE 1234: dlsch_total_bytes 6708285|UE 1234: ulsch_rounds 3804/760/760/516, ulsch_DTX 237, ulsch_errors 215, BLER 0.00000 MCS 9|UE 1234: ulsch_total_bytes_scheduled 4318716, ulsch_total_bytes_received 4136964|UE 1234: LCID 4: 260 bytes TX|UE 1234: LCID 4: 260 bytes RX||
86,86,UE RNTI 1234 (1) PH 0 dB PCMAX 0 dBm, average RSRP -44 (2 meas)|UE 1234: UL-RI 1, TPMI 0|UE 1234: dlsch_rounds 5724/60/60/59, dlsch_errors 59, pucch0_DTX 237, BLER 0.00000 MCS 9|UE 1234: dlsch_total_bytes 6782940|UE 1234: ulsch_rounds 3846/768/768/521, ulsch_DTX 237, ulsch_errors 215, BLER 0.00000 MCS 9|UE 1234: ulsch_total_bytes_scheduled 4366470, ulsch_total_bytes_received 4185390|UE 1234: LCID 4: 260 bytes TX|UE 1234: LCID 4: 260 bytes RX|||
87,87,UE RNTI 1234 (1) PH 0 dB PCMAX 0 dBm, average RSRP -44 (10 meas)|UE 1234: UL-RI 1, TPMI 0|UE 1234: dlsch_rounds 5786/60/60/59, dlsch_errors 59, pucch0_DTX 237, BLER 0.00000 MCS 9|UE 1234: dlsch_total_bytes 6856410|UE 1234: ulsch_rounds 3886/776/776/527, ulsch_DTX 237, ulsch_errors 217, BLER 0.00000 MCS 9|UE 1234: ulsch_total_bytes_scheduled 4411822, ulsch_total_bytes_received 4229204|UE 1234: LCID 4: 260 bytes TX|UE 1234: LCID 4: 260 bytes RX||
88,88,UE RNTI 1234 (1) PH 0 dB PCMAX 0 dBm, average RSRP -44 (2 meas)|UE 1234: UL-RI 1, TPMI 0|UE 1234: dlsch_rounds 5848/60/60/59, dlsch_errors 59, pucch0_DTX 237, BLER 0.00000 MCS 9|UE 1234: dlsch_total_bytes 6929880|UE 1234: ulsch_rounds 3928/784/784/531, ulsch_DTX 237, ulsch_errors 218, BLER 0.00000 MCS 9|UE 1234: ulsch_total_bytes_scheduled 4459480, ulsch_total_bytes_received 4277630|UE 1234: LCID 4: 260 bytes TX|UE 1234: LCID 4: 260 bytes RX|||
89,89,UE RNTI 1234 (1) PH 0 dB PCMAX 0 dBm, average RSRP -44 (9 meas)|UE 1234: UL-RI 1, TPMI 0|UE 1234: dlsch_rounds 5906/60/60/59, dlsch_errors 59, pucch0_DTX 237, BLER 0.00000 MCS 9|UE 1234: dlsch_total_bytes 6998610|UE 1234: ulsch_rounds 3967/791/791/536, ulsch_DTX 237, ulsch_errors 219, BLER 0.00000 MCS 9|UE 1234: ulsch_total_bytes_scheduled 4503775, ulsch_total_bytes_received 4320291|UE 1234: LCID 4: 260 bytes TX|UE 1234: LCID 4: 260 bytes RX|||
90,90,UE RNTI 1234 (1) PH 0 dB PCMAX 0 dBm, average RSRP -44 (1 meas)|UE 1234: UL-RI 1, TPMI 0|UE 1234: dlsch_rounds 5966/60/60/59, dlsch_errors 59, pucch0_DTX 237, BLER 0.00000 MCS 9|UE 1234: dlsch_total_bytes 7069710|UE 1234: ulsch_rounds 4007/799/798/541, ulsch_DTX 237, ulsch_errors 222, BLER 0.00000 MCS 9|UE 1234: ulsch_total_bytes_scheduled 4549127, ulsch_total_bytes_received 4362952|UE 1234: LCID 4: 260 bytes TX|UE 1234: LCID 4: 260 bytes RX|||
91,91,UE RNTI 1234 (1) PH 0 dB PCMAX 0 dBm, average RSRP -44 (8 meas)|UE 1234: UL-RI 1, TPMI 0|UE 1234: dlsch_rounds 6028/60/60/59, dlsch_errors 59, pucch0_DTX 237, BLER 0.00000 MCS 9|UE 1234: dlsch_total_bytes 7143180|UE 1234: ulsch_rounds 4050/806/806/545, ulsch_DTX 237, ulsch_errors 223, BLER 0.00000 MCS 9|UE 1234: ulsch_total_bytes_scheduled 4598034, ulsch_total_bytes_received 4411378|UE 1234: LCID 4: 260 bytes TX|UE 1234: LCID 4: 260 bytes RX|||
92,92,UE RNTI 1234 (1) PH 0 dB PCMAX 0 dBm, average RSRP -44 (16 meas)|UE 1234: UL-RI 1, TPMI 0|UE 1234: dlsch_rounds 6089/60/60/59, dlsch_errors 59, pucch0_DTX 237, BLER 0.00000 MCS 9|UE 1234: dlsch_total_bytes 7215465|UE 1234: ulsch_rounds 4088/814/814/552, ulsch_DTX 237, ulsch_errors 227, BLER 0.00000 MCS 9|UE 1234: ulsch_total_bytes_scheduled 4641080, ulsch_total_bytes_received 4450580|UE 1234: LCID 4: 260 bytes TX|UE 1234: LCID 4: 260 bytes RX||
93,93,UE RNTI 1234 (1) PH 0 dB PCMAX 0 dBm, average RSRP -44 (8 meas)|UE 1234: UL-RI 1, TPMI 0|UE 1234: dlsch_rounds 6151/60/60/59, dlsch_errors 59, pucch0_DTX 237, BLER 0.00000 MCS 9|UE 1234: dlsch_total_bytes 7288935|UE 1234: ulsch_rounds 4130/822/822/556, ulsch_DTX 237, ulsch_errors 228, BLER 0.00000 MCS 9|UE 1234: ulsch_total_bytes_scheduled 4688738, ulsch_total_bytes_received 4497853|UE 1234: LCID 4: 260 bytes TX|UE 1234: LCID 4: 260 bytes RX|||
94,94,UE RNTI 1234 (1) PH 0 dB PCMAX 0 dBm, average RSRP -44 (15 meas)|UE 1234: UL-RI 1, TPMI 0|UE 1234: dlsch_rounds 6212/60/60/59, dlsch_errors 59, pucch0_DTX 237, BLER 0.00000 MCS 9|UE 1234: dlsch_total_bytes 7361220|UE 1234: ulsch_rounds 4170/829/829/563, ulsch_DTX 237, ulsch_errors 231, BLER 0.00000 MCS 9|UE 1234: ulsch_total_bytes_scheduled 4734186, ulsch_total_bytes_received 4541667|UE 1234: LCID 4: 260 bytes TX|UE 1234: LCID 4: 260 bytes RX||
95,95,UE RNTI 1234 (1) PH 0 dB PCMAX 0 dBm, average RSRP -44 (7 meas)|UE 1234: UL-RI 1, TPMI 0|UE 1234: dlsch_rounds 6275/60/60/59, dlsch_errors 59, pucch0_DTX 237, BLER 0.00000 MCS 9|UE 1234: dlsch_total_bytes 7435875|UE 1234: ulsch_rounds 4211/837/837/569, ulsch_DTX 237, ulsch_errors 234, BLER 0.00000 MCS 9|UE 1234: ulsch_total_bytes_scheduled 4780691, ulsch_total_bytes_received 4584328|UE 1234: LCID 4: 260 bytes TX|UE 1234: LCID 4: 260 bytes RX|||
96,96,UE RNTI 1234 (1) PH 0 dB PCMAX 0 dBm, average RSRP -44 (15 meas)|UE 1234: UL-RI 1, TPMI 0|UE 1234: dlsch_rounds 6337/60/60/59, dlsch_errors 59, pucch0_DTX 237, BLER 0.00000 MCS 9|UE 1234: dlsch_total_bytes 7509345|UE 1234: ulsch_rounds 4252/845/845/574, ulsch_DTX 237, ulsch_errors 236, BLER 0.00000 MCS 9|UE 1234: ulsch_total_bytes_scheduled 4827196, ulsch_total_bytes_received 4629295|UE 1234: LCID 4: 260 bytes TX|UE 1234: LCID 4: 260 bytes RX||
97,97,UE RNTI 1234 (1) PH 0 dB PCMAX 0 dBm, average RSRP -44 (7 meas)|UE 1234: UL-RI 1, TPMI 0|UE 1234: dlsch_rounds 6399/60/60/59, dlsch_errors 59, pucch0_DTX 237, BLER 0.00000 MCS 9|UE 1234: dlsch_total_bytes 7582815|UE 1234: ulsch_rounds 4292/853/853/580, ulsch_DTX 237, ulsch_errors 239, BLER 0.00000 MCS 9|UE 1234: ulsch_total_bytes_scheduled 4872548, ulsch_total_bytes_received 4671956|UE 1234: LCID 4: 260 bytes TX|UE 1234: LCID 4: 260 bytes RX|||
98,98,UE RNTI 1234 (1) PH 0 dB PCMAX 0 dBm, average RSRP -44 (14 meas)|UE 1234: UL-RI 1, TPMI 0|UE 1234: dlsch_rounds 6461/60/60/59, dlsch_errors 59, pucch0_DTX 237, BLER 0.00000 MCS 9|UE 1234: dlsch_total_bytes 7656285|UE 1234: ulsch_rounds 4337/860/860/583, ulsch_DTX 237, ulsch_errors 240, BLER 0.00000 MCS 9|UE 1234: ulsch_total_bytes_scheduled 4923665, ulsch_total_bytes_received 4722688|UE 1234: LCID 4: 260 bytes TX|UE 1234: LCID 4: 260 bytes RX||
99,99,UE RNTI 1234 (1) PH 0 dB PCMAX 0 dBm, average RSRP -44 (6 meas)|UE 1234: UL-RI 1, TPMI 0|UE 1234: dlsch_rounds 6523/60/60/59, dlsch_errors 59, pucch0_DTX 237, BLER 0.00000 MCS 9|UE 1234: dlsch_total_bytes 7729755|UE 1234: ulsch_rounds 4379/868/868/587, ulsch_DTX 237, ulsch_errors 242, BLER 0.00000 MCS 9|UE 1234: ulsch_total_bytes_scheduled 4971419, ulsch_total_bytes_received 4768808|UE 1234: LCID 4: 260 bytes TX|UE 1234: LCID 4: 260 bytes RX|||
